{
    "years": [
        0.08333333333333333,
        0.16666666666666666,
        0.25,
        0.3333333333333333,
        0.4166666666666667,
        0.5,
        0.5833333333333334,
        0.6666666666666666,
        0.75,
        0.8333333333333334,
        0.9166666666666666,
        1.0,
        1.0833333333333333,
        1.1666666666666667,
        1.25,
        1.3333333333333333,
        1.4166666666666667,
        1.5,
        1.5833333333333333,
        1.6666666666666667,
        1.75,
        1.8333333333333333,
        1.9166666666666667,
        2.0,
        2.0833333333333335,
        2.1666666666666665,
        2.25,
        2.3333333333333335,
        2.4166666666666665,
        2.5,
        2.5833333333333335,
        2.6666666666666665,
        2.75,
        2.8333333333333335,
        2.9166666666666665,
        3.0,
        3.0833333333333335,
        3.1666666666666665,
        3.25,
        3.3333333333333335,
        3.4166666666666665,
        3.5,
        3.5833333333333335,
        3.6666666666666665,
        3.75,
        3.8333333333333335,
        3.9166666666666665,
        4.0,
        4.083333333333333,
        4.166666666666667,
        4.25,
        4.333333333333333,
        4.416666666666667,
        4.5,
        4.583333333333333,
        4.666666666666667,
        4.75,
        4.833333333333333,
        4.916666666666667,
        5.0
    ],
    "mortgage_balance": [
        195383.6864936009,
        194766.52555613048,
        194148.51602237104,
        193529.6567255027,
        192909.94649710113,
        192289.38416713552,
        191667.96856396622,
        191045.69851434254,
        190422.57284340065,
        189798.5903746612,
        189173.74993002723,
        188548.0503297819,
        187921.49039258622,
        187294.0689354769,
        186665.78477386408,
        186036.63672152904,
        185406.623590622,
        184775.74419166,
        176667.53655112998,
        162379.86368772297,
        59243.698749698946,
        0.0,
        0.0,
        0.0,
        0.0,
        0.0,
        0.0,
        0.0,
        0.0,
        0.0,
        0.0,
        0.0,
        0.0,
        0.0,
        0.0,
        0.0,
        0.0,
        0.0,
        0.0,
        0.0,
        0.0,
        0.0,
        0.0,
        0.0,
        0.0,
        0.0,
        0.0,
        0.0,
        0.0,
        0.0,
        0.0,
        0.0,
        0.0,
        0.0,
        0.0,
        0.0,
        0.0,
        0.0,
        0.0,
        0.0
    ],
    "savings_balance": [
        153008.33333333334,
        156026.69444444447,
        159055.11675925928,
        162093.6338151235,
        165142.2792611739,
        168201.08685871118,
        171270.09048157357,
        174349.32411651217,
        177438.82186356722,
        180538.6179364458,
        183648.74666290064,
        186769.24248511033,
        189900.1399600607,
        193041.47375992758,
        196193.2786724607,
        199355.5896013689,
        202528.4415667068,
        205711.8697052625,
        201155.18298385435,
        190368.97718260653,
        90374.63832329473,
        34326.76348344679,
        37830.44602839161,
        41345.80751515292,
        44872.886873536765,
        48411.723163115224,
        51962.35557365895,
        55524.82342557115,
        59099.16617032306,
        62685.423390890806,
        66283.63480219377,
        69893.84025153442,
        73516.07971903954,
        77150.39331810302,
        80796.82129583003,
        84455.4040334828,
        88126.18204692774,
        91809.19598708418,
        95504.48664037447,
        99212.09492917573,
        102932.06191227298,
        106664.4287853139,
        110409.23688126495,
        114166.52767086918,
        117936.34276310542,
        121718.72390564911,
        125513.71298533461,
        129321.35202861908,
        133141.68320204783,
        136974.74881272134,
        140820.59130876375,
        144679.25327979296,
        148550.77745739228,
        152435.2067155836,
        156332.58407130223,
        160242.95268487325,
        164166.3558604895,
        168102.83704669116,
        172052.4398368468,
        176015.2079696363
    ],
    "net_worth": [
        317624.6468397324,
        321260.168888314,
        324906.60073688824,
        328563.9770896208,
        332232.3327640728,
        335911.7026915756,
        339602.1219176074,
        343303.62560216966,
        347016.2490201666,
        350740.0275617846,
        354474.9967328734,
        358221.19215532846,
        361978.6495674745,
        365747.40482445067,
        369527.4938985966,
        373318.95287983987,
        377121.81797608477,
        380936.1255136025,
        384487.6464327244,
        387989.1134948835,
        391130.93957359577,
        394326.7634834468,
        397830.4460283916,
        401345.8075151529,
        404872.88687353674,
        408411.7231631152,
        411962.35557365895,
        415524.82342557114,
        419099.16617032303,
        422685.4233908908,
        426283.6348021938,
        429893.8402515344,
        433516.07971903955,
        437150.39331810304,
        440796.82129583,
        444455.4040334828,
        448126.18204692774,
        451809.1959870842,
        455504.48664037447,
        459212.09492917574,
        462932.061912273,
        466664.4287853139,
        470409.23688126495,
        474166.5276708692,
        477936.3427631054,
        481718.7239056491,
        485513.7129853346,
        489321.3520286191,
        493141.68320204783,
        496974.74881272134,
        500820.5913087637,
        504679.25327979296,
        508550.7774573923,
        512435.20671558357,
        516332.5840713022,
        520242.95268487325,
        524166.35586048954,
        528102.8370466912,
        532052.4398368468,
        536015.2079696363
    ],
    "monthly_payments": {
        "principal": [
            616.3135063991207,
            617.1609374704194,
            618.0095337594412,
            618.8592968683605,
            619.7102284015544,
            620.5623299656065,
            621.4156031693093,
            622.2700496236671,
            623.1256709418997,
            623.9824687394448,
            624.8404446339615,
            625.6996002453332,
            626.5599371956705,
            627.4214571093146,
            628.2841616128399,
            629.1480523350575,
            630.0131309070182,
            630.8793989620153,
            8108.2076405300295,
            14287.672863407015,
            103136.16493802403,
            59243.698749698946,
            0,
            0,
            0,
            0,
            0,
            0,
            0,
            0,
            0,
            0,
            0,
            0,
            0,
            0,
            0,
            0,
            0,
            0,
            0,
            0,
            0,
            0,
            0,
            0,
            0,
            0,
            0,
            0,
            0,
            0,
            0,
            0,
            0,
            0,
            0,
            0,
            0,
            0
        ],