{
    "years": [
        0.08333333333333333,
        0.16666666666666666,
        0.25,
        0.3333333333333333,
        0.4166666666666667,
        0.5,
        0.5833333333333334,
        0.6666666666666666,
        0.75,
        0.8333333333333334,
        0.9166666666666666,
        1.0,
        1.0833333333333333,
        1.1666666666666667,
        1.25,
        1.3333333333333333,
        1.4166666666666667,
        1.5,
        1.5833333333333333,
        1.6666666666666667,
        1.75,
        1.8333333333333333
    ],
    "mortgage_balance": [
        195383.6864936009,
        194766.52555613048,
        194148.51602237104,
        193529.6567255027,
        192909.94649710113,
        192289.38416713552,
        191667.96856396622,
        191045.69851434254,
        190422.57284340065,
        189798.5903746612,
        189173.74993002723,
        188548.0503297819,
        187921.49039258622,
        187294.0689354769,
        186665.78477386408,
        186036.63672152904,
        185406.623590622,
        184775.74419166,
        151381.31028009215,
        105241.24952759861,
        55307.00621061884,
        0.0
    ],
    "savings_balance": [
        153008.33333333334,
        156026.69444444447,
        159055.11675925928,
        162093.6338151235,
        165142.2792611739,
        168201.08685871118,
        171270.09048157357,
        174349.32411651217,
        177438.82186356722,
        180538.6179364458,
        183648.74666290064,
        186769.24248511033,
        189900.1399600607,
        193041.47375992758,
        196193.2786724607,
        199355.5896013689,
        202528.4415667068,
        205711.8697052625,
        175784.66929191307,
        132902.34027022228,
        86105.95700795653,
        34013.41715217222
    ],
    "net_worth": [
        317624.6468397324,
        321260.168888314,
        324906.60073688824,
        328563.9770896208,
        332232.3327640728,
        335911.7026915756,
        339602.1219176074,
        343303.62560216966,
        347016.2490201666,
        350740.0275617846,
        354474.9967328734,
        358221.19215532846,
        361978.6495674745,
        365747.40482445067,
        369527.4938985966,
        373318.95287983987,
        377121.81797608477,
        380936.1255136025,
        384403.3590118209,
        387661.09074262367,
        390798.9507973377,
        394013.4171521722
    ],
    "monthly_payments": {
        "principal": [
            616.3135063991207,
            617.1609374704194,
            618.0095337594412,
            618.8592968683605,
            619.7102284015544,
            620.5623299656065,
            621.4156031693093,
            622.2700496236671,
            623.1256709418997,
            623.9824687394448,
            624.8404446339615,
            625.6996002453332,
            626.5599371956705,
            627.4214571093146,
            628.2841616128399,
            629.1480523350575,
            630.0131309070182,
            630.8793989620153,
            33394.43391156784,
            46140.06075249354,
            49934.24331697977,
            55307.00621061884
        ],
        "interest": [
            269.5,
            268.65256892870127,
            267.80397263967944,
            266.9542095307602,
            266.10327799756624,
            265.2511764335141,
            264.3979032298114,
            263.5434567754536,
            262.687835457221,
            261.8310376596759,
            260.9730617651592,
            260.11390615378747,
            259.2535692034501,
            258.3920492898061,
            257.5293447862808,
            256.66545406406317,
            255.80037549210246,
            254.9341074371053,
            923.8787209582999,
            756.9065514004608,
            526.2062476379931,
            276.5350310530942
        ]
    },
    "monthly_savings": [
        2500.0,
        2500.0,
        2500.0,
        2500.0,
        2500.0,
        2500.0,
        2500.0,
        2500.0,
        2500.0,
        2500.0,
        2500.0,
        2500.0,
        2500.0,
        2500.0,
        2500.0,
        2500.0,
        2500.0,
        2500.0,
        2500.0,
        2500.0,
        2630.410962760734,
        2984.2943821026306
    ]
}