{
    "years": [
        0.08333333333333333,
        0.16666666666666666,
        0.25,
        0.3333333333333333,
        0.4166666666666667,
        0.5,
        0.5833333333333334,
        0.6666666666666666,
        0.75,
        0.8333333333333334,
        0.9166666666666666,
        1.0,
        1.0833333333333333,
        1.1666666666666667,
        1.25,
        1.3333333333333333,
        1.4166666666666667,
        1.5,
        1.5833333333333333,
        1.6666666666666667,
        1.75,
        1.8333333333333333,
        1.9166666666666667,
        2.0,
        2.0833333333333335,
        2.1666666666666665
    ],
    "mortgage_balance": [
        195383.6864936009,
        194766.52555613048,
        194148.51602237104,
        193529.6567255027,
        192909.94649710113,
        192289.38416713552,
        191667.96856396622,
        191045.69851434254,
        190422.57284340065,
        189798.5903746612,
        189173.74993002723,
        188548.0503297819,
        187921.49039258622,
        187294.0689354769,
        186665.78477386408,
        186036.63672152904,
        185406.623590622,
        184775.74419166,
        175178.5672659972,
        165229.9027113335,
        149116.0994529743,
        63768.37419607234,
        53419.13755821349,
        14131.560584607061,
        5520.271816440962,
        0.0
    ],
    "savings_balance": [
        153008.33333333334,
        156026.69444444447,
        159055.11675925928,
        162093.6338151235,
        165142.2792611739,
        168201.08685871118,
        171270.09048157357,
        174349.32411651217,
        177438.82186356722,
        180538.6179364458,
        183648.74666290064,
        186769.24248511033,
        189900.1399600607,
        193041.47375992758,
        196193.2786724607,
        199355.5896013689,
        202528.4415667068,
        205711.8697052625,
        199661.25046777114,
        193220.4161293895,
        180554.03353828637,
        98348.95872868701,
        91362.40982058064,
        55369.68961638042,
        50232.62885544226,
        48222.96486551883
    ],
    "net_worth": [
        317624.6468397324,
        321260.168888314,
        324906.60073688824,
        328563.9770896208,
        332232.3327640728,
        335911.7026915756,
        339602.1219176074,
        343303.62560216966,
        347016.2490201666,
        350740.0275617846,
        354474.9967328734,
        358221.19215532846,
        361978.6495674745,
        365747.40482445067,
        369527.4938985966,
        373318.95287983987,
        377121.81797608477,
        380936.1255136025,
        384482.6832017739,
        387990.51341805595,
        391437.93408531207,
        394580.5845326147,
        397943.2722623671,
        401238.12903177337,
        404712.3570390013,
        408222.96486551885
    ],
    "monthly_payments": {
        "principal": [
            616.3135063991207,
            617.1609374704194,
            618.0095337594412,
            618.8592968683605,
            619.7102284015544,
            620.5623299656065,
            621.4156031693093,
            622.2700496236671,
            623.1256709418997,
            623.9824687394448,
            624.8404446339615,
            625.6996002453332,
            626.5599371956705,
            627.4214571093146,
            628.2841616128399,
            629.1480523350575,
            630.0131309070182,
            630.8793989620153,
            9597.176925662785,
            9948.664554663697,
            16113.803258359194,
            85347.72525690196,
            10349.236637858847,
            39287.57697360643,
            8611.2887681661,
            5520.271816440962
        ],
        "interest": [
            269.5,
            268.65256892870127,
            267.80397263967944,
            266.9542095307602,
            266.10327799756624,
            265.2511764335141,
            264.3979032298114,
            263.5434567754536,
            262.687835457221,
            261.8310376596759,
            260.9730617651592,
            260.11390615378747,
            259.2535692034501,
            258.3920492898061,
            257.5293447862808,
            256.66545406406317,
            255.80037549210246,
            254.9341074371053,
            923.8787209582999,
            875.892836329986,
            826.1495135566676,
            745.5804972648715,
            318.8418709803617,
            267.09568779106746,
            70.6578029230353,
            27.60135908220481
        ]
    },
    "monthly_savings": [
        2500.0,
        2500.0,
        2500.0,
        2500.0,
        2500.0,
        2500.0,
        2500.0,
        2500.0,
        2500.0,
        2500.0,
        2500.0,
        2500.0,
        2500.0,
        2500.0,
        2500.0,
        2500.0,
        2500.0,
        2500.0,
        2500.0,
        2500.0,
        2500.0,
        2500.0,
        2923.0979898486917,
        2996.1111214335133,
        3276.7571109242153,
        3338.3652763426635
    ]
}